tau,rotation_deg_w301,boot5,boot95,rotation_deg_w151
0.15,0,0,0,0
0.169231,1.56646,1.07269,2.1925,2.52192
0.188462,3.07275,2.18006,4.12781,4.01705
0.207692,4.43221,3.11971,5.94605,4.77954
0.226923,6.2348,4.83988,7.98786,4.43469
0.246154,7.64393,5.99765,9.60322,5.55106
0.265385,8.47175,6.36329,10.6008,5.77762
0.284615,9.06775,6.61487,11.4769,5.15717
0.303846,9.53404,6.81549,12.175,5.2122
0.323077,9.76749,7.23658,12.5338,5.0127
0.342308,9.96376,7.43329,13.1569,4.89717
0.361538,9.92002,7.33389,13.2903,6.10189
0.380769,10.223,7.39563,13.5916,6.70482
0.4,10.6904,7.77934,13.7247,6.73206
0.419231,11.6671,8.61635,14.8542,6.97745
0.438462,12.5577,9.50514,15.7935,8.30477
0.457692,13.5648,10.4075,16.841,8.96955
0.476923,14.6255,11.6239,17.8458,9.89681
0.496154,15.3621,12.5133,18.4732,9.80979
0.515385,16.2006,13.422,19.081,9.07523
0.534615,17.0687,14.4237,19.9228,8.58264
0.553846,17.3968,14.8533,20.2615,9.77115
0.573077,18.2863,15.7913,21.2783,10.7413
0.592308,19.1726,16.6122,22.2895,11.8599
0.611538,19.9623,17.2545,23.0299,12.3995
0.630769,20.1968,17.425,23.2863,12.9408
0.65,20.127,17.2434,23.178,11.8854
0.669231,19.9058,16.9047,22.9952,11.1655
0.688462,19.7926,16.7588,22.8851,10.8698
0.707692,19.9054,16.9029,22.894,11.1613
0.726923,20.2254,17.2459,23.2274,11.2454
0.746154,20.5115,17.4966,23.473,12.3415
0.765385,20.7575,17.7375,23.7635,12.0862
0.784615,20.5619,17.5535,23.4535,12.2174
0.803846,20.3664,17.4308,23.2593,12.1855
0.823077,20.2795,17.2829,23.203,11.4616
0.842308,20.3867,17.4355,23.3352,11.4866
0.861538,20.6926,17.7806,23.6069,11.5298
0.880769,20.9876,18.0702,23.9451,12.1442
0.9,21.3423,18.4405,24.2388,12.8993
